{
  "timestamp": "2025-11-10T19:31:10.835305",
  "sentiment_summary": {
    "avg_polarity": 0.0408,
    "avg_subjectivity": 0.4889
  },
  "complexity_stats": {
    "word_count": {
      "count": 2838.0,
      "mean": 85.66983791402396,
      "std": 32.292305023616045,
      "min": 1.0,
      "25%": 65.0,
      "50%": 80.0,
      "75%": 101.0,
      "max": 310.0
    },
    "avg_word_length": {
      "count": 2838.0,
      "mean": 4.259363295760254,
      "std": 0.39797150664696435,
      "min": 3.3333333333333335,
      "25%": 4.0,
      "50%": 4.215115524402908,
      "75%": 4.4507352941176475,
      "max": 8.25
    },
    "punctuation_density": {
      "count": 2838.0,
      "mean": 0.013240517245207813,
      "std": 0.009218805876398372,
      "min": 0.0,
      "25%": 0.009229355232554174,
      "50%": 0.01182033096926714,
      "75%": 0.015100856860089593,
      "max": 0.17937219730941703
    }
  },
  "emotion_counts": {
    "emotion": {
      "0": "happy",
      "1": "sad",
      "2": "angry",
      "3": "tired",
      "4": "worried",
      "5": "relaxed",
      "6": "peaceful",
      "7": "anxious",
      "8": "overwhelmed",
      "9": "calm"
    },
    "count": {
      "0": 65,
      "1": 53,
      "2": 64,
      "3": 71,
      "4": 58,
      "5": 2,
      "6": 5,
      "7": 86,
      "8": 14,
      "9": 39
    }
  },
  "top_words_by_class": {
    "1": [
      [
        "i",
        6960
      ],
      [
        "to",
        4513
      ],
      [
        "and",
        4490
      ],
      [
        "the",
        3108
      ],
      [
        "my",
        2797
      ],
      [
        "a",
        2647
      ],
      [
        "of",
        1956
      ],
      [
        "me",
        1533
      ],
      [
        "that",
        1409
      ],
      [
        "in",
        1379
      ],
      [
        "it",
        1257
      ],
      [
        "but",
        1206
      ],
      [
        "have",
        1199
      ],
      [
        "for",
        1197
      ],
      [
        "was",
        1175
      ]
    ],
    "0": [
      [
        "i",
        4111
      ],
      [
        "to",
        3700
      ],
      [
        "and",
        3393
      ],
      [
        "the",
        3092
      ],
      [
        "a",
        2663
      ],
      [
        "of",
        1645
      ],
      [
        "my",
        1645
      ],
      [
        "in",
        1395
      ],
      [
        "for",
        1301
      ],
      [
        "that",
        1297
      ],
      [
        "was",
        1076
      ],
      [
        "it",
        1045
      ],
      [
        "is",
        965
      ],
      [
        "with",
        941
      ],
      [
        "you",
        891
      ]
    ]
  }
}